Business Analyst,132
Human Resources Analyst II,114
Research Assistant II,110
Research Assistant I,99
Account Executive,93
Data Visualization Specialist,88
Software Engineer I,70
Human Resources Analyst,69
Senior Developer,65
Software Consultant,65
Tax Accountant,64
Data Coordiator,64
Staff Accountant I,63
Service Tech,61
Desktop Support Technician,60
Project Manager,60
Analyst Programmer,58
Systems Administrator I,57
Help Desk Technician,56
Business Systems Development Analyst,54
Service Coordinator,54
Senior Cost Accountant,53
Service Manager,52
Service Tech III,51
Cost Accountant,51
Service Tech II,50
Customer Success Manager,49
Structural Engineer,44
Solutions Engineer Manager,42
Operator,40
Junior Trainer,40
Pre-Sales Consultant,40
Budget/Accounting Analyst IV,39
Recruiter,38
Administrative Assistant I,38
Relationshiop Manager,37
Research Associate,37
Assistant Trainer,34
Solutions Engineer,34
Senior Quality Engineer,34
Trainer III,34
Budget/Accounting Analyst I,32
HR Manager,31
Senior Trainer,29
Senior Recruiter,28
Training Manager,28
Quality Control Specialist,27
Trainer II,26
Budget/Accounting Analyst III,26
Budget/Accounting Analyst II,26
Accounting Assistant IV,22
Systems Administrator IV,21
Developer III,19
Trainer I,19
Support Staff,19
Editor,19
Staff Accountant IV,18
Software Engineer IV,18
Database Administrator II,18
Help Desk Operator,18
Senior Editor,18
Software Test Engineer III,17
Account Manager,17
Financial Analyst,17
Accountant II,17
Database Administrator I,17
Computer Systems Analyst I,16
Web Developer III,16
Web Developer I,16
Accountant IV,16
Media Manager I,16
Computer Systems Analyst II,16
Computer Systems Analyst IV,16
Software Test Engineer II,16
Software Engineer III,15
Paralegal,15
Software Test Engineer I,15
Chief Design Engineer,14
Programmer I,14
Database Administrator III,14
Programmer III,13
Support Staff II,13
Staff Accountant III,13
Accountant I,13
Computer Systems Analyst III,13
Internal Auditor,12
Administrative Officer,12
Developer IV,12
Accounting Assistant I,12
Programmer Analyst I,12
Programmer Analyst III,12
Accountant III,12
Systems Administrator II,12
Programmer Analyst II,12
Staff Accountant II,12
Programmer IV,11
Content Developer,11
General Manager,11
Administrative Assistant,11
Developer II,11
VP Accounting,11
Senior Financial Analyst,10
Software Engineer II,10
Product Engineer,10
Software Test Engineer IV,10
Design Engineer,9
Analog Circuit Design manager,9
Content Developer III,9
VP Quality Control,9
Research Assistant,9
Accounting Assistant II,9
Quality Engineer,9
Structural Analysis Engineer,9
Systems Administrator III,9
Accounting Assistant III,8
Content Developer II,8
Developer I,8
Web Developer IV,8
Programmer II,8
VP Product Management,8
Web Developer II,8
Programmer Analyst IV,8
Database Administrator IV,7
Payment Adjustment Coordinator,7
Mechanical Systems Engineer,7
Executive Assistant,7
Librarian,7
Electrical Engineer,7
Web Designer I,7
Actuary,6
Community Outreach Specialist,6
Administrative Assistant II,6
Media Manager II,6
Senior Attorney,5
Automation Specialist I,5
Staff Scientist,5
Human Resources Manager,5
Compensation Analyst,5
Attorney,5
Human Resources Assistant I,4
Assistant Manager,4
VP Marketing,4
Research Assistant III,3
Automation Specialist IV,3
Legal Assistant,3
Recruiting Manager,3
Web Designer III,3
Information Systems Manager,3
Graphic Designer,3
Support Staff III,3
Engineer II,2
Statistician III,2
Sales Associate,2
Engineer I,2
Statistician IV,2
Automation Specialist III,2
Executive Secretary,2
Administrative Assistant III,2
Sales Representative,2
Automation Specialist II,2
Statistician I,2
Human Resources Assistant IV,2
Senior Sales Associate,2
Office Assistant II,1
Web Designer IV,1
Office Assistant I,1
Human Resources Assistant III,1
Director of Sales,1
Statistician II,1
Web Designer II,1
Administrative Assistant IV,1
Financial Advisor,1
